ID,c1,c2,c3,target
9914,0.90118060632693,0.5,3.527701624310208,true